<?xml version = '1.0' encoding = 'UTF-8'?>
<Entity class="oracle.dbtools.crest.model.design.logical.Entity" directorySegmentName="seg_0" id="0F6954C1-F4A8-520F-F092-A88725C69327" name="PEDIDO">
<createdBy>ninito</createdBy>
<createdTime>2024-08-14 02:15:54 UTC</createdTime>
<ownerDesignName>MER_Minimarket</ownerDesignName>
<engineerTo>
<item key="69052824-32E6-BF5C-D555-B39F5D7D0D42" value="true"/>
</engineerTo>
<adequatelyNormalized>NO</adequatelyNormalized>
<expectedVolumes>0</expectedVolumes>
<fwdEngineeringStrategyName>Single Table</fwdEngineeringStrategyName>
<growthPercent>0</growthPercent>
<growthType>Year</growthType>
<maxVolumes>9999999</maxVolumes>
<minVolumes>0</minVolumes>
<normalForm>Third</normalForm>
<attributes itemClass="oracle.dbtools.crest.model.design.logical.Attribute">
<Attribute name="num_pedido" id="6CE3A0C6-118A-09F5-1401-8C8CD9DC4169">
<createdBy>ninito</createdBy>
<createdTime>2024-08-14 02:41:04 UTC</createdTime>
<ownerDesignName>MER_Minimarket</ownerDesignName>
<engineerTo>
<item key="69052824-32E6-BF5C-D555-B39F5D7D0D42" value="true"/>
</engineerTo>
<useDomainConstraints>false</useDomainConstraints>
<use>1</use>
<logicalDatatype>LOGDT019</logicalDatatype>
<ownDataTypeParameters>,,</ownDataTypeParameters>
</Attribute>
<Attribute name="fecha_pedido" id="E36DA788-EEEF-4167-E6D6-F95EE9B24BD2">
<createdBy>ninito</createdBy>
<createdTime>2024-08-14 02:41:21 UTC</createdTime>
<ownerDesignName>MER_Minimarket</ownerDesignName>
<engineerTo>
<item key="69052824-32E6-BF5C-D555-B39F5D7D0D42" value="true"/>
</engineerTo>
<useDomainConstraints>false</useDomainConstraints>
<use>1</use>
<logicalDatatype>LOGDT007</logicalDatatype>
<ownDataTypeParameters>,,</ownDataTypeParameters>
</Attribute>
<Attribute name="monto_pedido" id="70C59E01-62BF-698B-6080-29E4A5DFCD97">
<createdBy>ninito</createdBy>
<createdTime>2024-08-14 02:41:38 UTC</createdTime>
<ownerDesignName>MER_Minimarket</ownerDesignName>
<engineerTo>
<item key="69052824-32E6-BF5C-D555-B39F5D7D0D42" value="true"/>
</engineerTo>
<useDomainConstraints>false</useDomainConstraints>
<use>1</use>
<logicalDatatype>LOGDT019</logicalDatatype>
<ownDataTypeParameters>,,</ownDataTypeParameters>
</Attribute>
<Attribute name="medio_pago" id="BC6C1FAD-FF2E-92F7-BC98-AC8EC0FDAF9E">
<createdBy>ninito</createdBy>
<createdTime>2024-08-14 02:42:02 UTC</createdTime>
<ownerDesignName>MER_Minimarket</ownerDesignName>
<engineerTo>
<item key="69052824-32E6-BF5C-D555-B39F5D7D0D42" value="true"/>
</engineerTo>
<nullsAllowed>true</nullsAllowed>
<useDomainConstraints>false</useDomainConstraints>
<use>1</use>
<logicalDatatype>LOGDT024</logicalDatatype>
<dataTypeSize>20</dataTypeSize>
<ownDataTypeParameters>20,,</ownDataTypeParameters>
</Attribute>
<Attribute name="rut_cliente" id="E330B001-1DDE-57B4-B201-CC7CEE75FB55">
<createdBy>ninito</createdBy>
<createdTime>2024-08-14 02:45:18 UTC</createdTime>
<generatorID>A57D80BD-55BC-A8DA-5D26-859DADB8CCCF</generatorID>
<ownerDesignName>MER_Minimarket</ownerDesignName>
<engineerTo>
<item key="69052824-32E6-BF5C-D555-B39F5D7D0D42" value="true"/>
</engineerTo>
<referedAttribute>2E81F5DF-BBB5-90CC-F74E-42479FC0A12A</referedAttribute>
<useDomainConstraints>false</useDomainConstraints>
<use>1</use>
<logicalDatatype>LOGDT019</logicalDatatype>
<ownDataTypeParameters>,,</ownDataTypeParameters>
</Attribute>
</attributes>
<identifiers itemClass="oracle.dbtools.crest.model.design.logical.CandidateKey">
<identifier id="2D2F81F3-D989-0A4A-A079-666C98607D4B" name="PEDIDO PK">
<createdBy>ninito</createdBy>
<createdTime>2024-08-14 02:41:18 UTC</createdTime>
<ownerDesignName>MER_Minimarket</ownerDesignName>
<engineerTo>
<item key="69052824-32E6-BF5C-D555-B39F5D7D0D42" value="true"/>
</engineerTo>
<pk>true</pk>
<usedAttributes>
<attributeRef>6CE3A0C6-118A-09F5-1401-8C8CD9DC4169</attributeRef>
</usedAttributes>
</identifier>
</identifiers>
</Entity>