<?xml version = '1.0' encoding = 'UTF-8'?>
<Entity class="oracle.dbtools.crest.model.design.logical.Entity" directorySegmentName="seg_0" id="39DE21A0-E3FE-B239-60D6-81901F82255A" name="PRODUCTO">
<createdBy>ninito</createdBy>
<createdTime>2024-08-14 02:16:06 UTC</createdTime>
<ownerDesignName>MER_Minimarket</ownerDesignName>
<engineerTo>
<item key="69052824-32E6-BF5C-D555-B39F5D7D0D42" value="true"/>
</engineerTo>
<adequatelyNormalized>NO</adequatelyNormalized>
<expectedVolumes>0</expectedVolumes>
<fwdEngineeringStrategyName>Single Table</fwdEngineeringStrategyName>
<growthPercent>0</growthPercent>
<growthType>Year</growthType>
<maxVolumes>9999999</maxVolumes>
<minVolumes>0</minVolumes>
<normalForm>Third</normalForm>
<attributes itemClass="oracle.dbtools.crest.model.design.logical.Attribute">
<Attribute name="num_producto" id="93B80CEF-06D3-F661-F01F-0FAE3DD7746E">
<createdBy>ninito</createdBy>
<createdTime>2024-08-14 02:40:02 UTC</createdTime>
<ownerDesignName>MER_Minimarket</ownerDesignName>
<engineerTo>
<item key="69052824-32E6-BF5C-D555-B39F5D7D0D42" value="true"/>
</engineerTo>
<useDomainConstraints>false</useDomainConstraints>
<use>1</use>
<logicalDatatype>LOGDT019</logicalDatatype>
<ownDataTypeParameters>,,</ownDataTypeParameters>
</Attribute>
<Attribute name="nombre_prod" id="7A4641DC-2976-3170-5170-D7869EC52FFA">
<createdBy>ninito</createdBy>
<createdTime>2024-08-14 02:40:18 UTC</createdTime>
<ownerDesignName>MER_Minimarket</ownerDesignName>
<engineerTo>
<item key="69052824-32E6-BF5C-D555-B39F5D7D0D42" value="true"/>
</engineerTo>
<useDomainConstraints>false</useDomainConstraints>
<use>1</use>
<logicalDatatype>LOGDT024</logicalDatatype>
<dataTypeSize>20</dataTypeSize>
<ownDataTypeParameters>20,,</ownDataTypeParameters>
</Attribute>
<Attribute name="precio_venta" id="14FE698B-B1B3-9534-6561-67D6418AE3DB">
<createdBy>ninito</createdBy>
<createdTime>2024-08-14 02:40:37 UTC</createdTime>
<ownerDesignName>MER_Minimarket</ownerDesignName>
<engineerTo>
<item key="69052824-32E6-BF5C-D555-B39F5D7D0D42" value="true"/>
</engineerTo>
<useDomainConstraints>false</useDomainConstraints>
<use>1</use>
<logicalDatatype>LOGDT019</logicalDatatype>
<ownDataTypeParameters>,,</ownDataTypeParameters>
</Attribute>
</attributes>
<identifiers itemClass="oracle.dbtools.crest.model.design.logical.CandidateKey">
<identifier id="AEFA8AC3-2284-6B71-0F8E-5D775AB8A0DD" name="PRODUCTO PK">
<createdBy>ninito</createdBy>
<createdTime>2024-08-14 02:40:13 UTC</createdTime>
<ownerDesignName>MER_Minimarket</ownerDesignName>
<engineerTo>
<item key="69052824-32E6-BF5C-D555-B39F5D7D0D42" value="true"/>
</engineerTo>
<pk>true</pk>
<usedAttributes>
<attributeRef>93B80CEF-06D3-F661-F01F-0FAE3DD7746E</attributeRef>
</usedAttributes>
</identifier>
</identifiers>
</Entity>