<?xml version = '1.0' encoding = 'UTF-8'?>
<Entity class="oracle.dbtools.crest.model.design.logical.Entity" directorySegmentName="seg_0" id="E526545C-35E1-CA8F-A6BB-7716CD9B8439" name="CLIENTE">
<createdBy>ninito</createdBy>
<createdTime>2024-08-14 02:15:42 UTC</createdTime>
<ownerDesignName>MER_Minimarket</ownerDesignName>
<engineerTo>
<item key="69052824-32E6-BF5C-D555-B39F5D7D0D42" value="true"/>
</engineerTo>
<adequatelyNormalized>NO</adequatelyNormalized>
<expectedVolumes>0</expectedVolumes>
<fwdEngineeringStrategyName>Single Table</fwdEngineeringStrategyName>
<growthPercent>0</growthPercent>
<growthType>Year</growthType>
<maxVolumes>9999999</maxVolumes>
<minVolumes>0</minVolumes>
<normalForm>Third</normalForm>
<attributes itemClass="oracle.dbtools.crest.model.design.logical.Attribute">
<Attribute name="rut_cliente" id="2E81F5DF-BBB5-90CC-F74E-42479FC0A12A">
<createdBy>ninito</createdBy>
<createdTime>2024-08-14 02:31:48 UTC</createdTime>
<commentInRDBMS><![CDATA[
    ]]></commentInRDBMS>
<ownerDesignName>MER_Minimarket</ownerDesignName>
<engineerTo>
<item key="69052824-32E6-BF5C-D555-B39F5D7D0D42" value="true"/>
</engineerTo>
<useDomainConstraints>false</useDomainConstraints>
<use>1</use>
<logicalDatatype>LOGDT019</logicalDatatype>
<ownDataTypeParameters>,,</ownDataTypeParameters>
</Attribute>
<Attribute name="dv_cliente" id="31FF0CEF-28C8-1BA5-0797-49778214FA00">
<createdBy>ninito</createdBy>
<createdTime>2024-08-14 02:37:00 UTC</createdTime>
<ownerDesignName>MER_Minimarket</ownerDesignName>
<engineerTo>
<item key="69052824-32E6-BF5C-D555-B39F5D7D0D42" value="true"/>
</engineerTo>
<useDomainConstraints>false</useDomainConstraints>
<use>1</use>
<logicalDatatype>LOGDT025</logicalDatatype>
<dataTypeSize>1</dataTypeSize>
<ownDataTypeParameters>1,,</ownDataTypeParameters>
</Attribute>
<Attribute name="nombre_cliente" id="FAAC5FE9-B9C3-AD8D-0F77-B4A2E23265B8">
<createdBy>ninito</createdBy>
<createdTime>2024-08-14 02:38:11 UTC</createdTime>
<ownerDesignName>MER_Minimarket</ownerDesignName>
<engineerTo>
<item key="69052824-32E6-BF5C-D555-B39F5D7D0D42" value="true"/>
</engineerTo>
<useDomainConstraints>false</useDomainConstraints>
<use>1</use>
<logicalDatatype>LOGDT024</logicalDatatype>
<dataTypeSize>20</dataTypeSize>
<ownDataTypeParameters>20,,</ownDataTypeParameters>
</Attribute>
<Attribute name="appaterno_cliente" id="E9D084D2-08FD-72BC-890B-67421DF12C0B">
<createdBy>ninito</createdBy>
<createdTime>2024-08-14 02:38:30 UTC</createdTime>
<ownerDesignName>MER_Minimarket</ownerDesignName>
<engineerTo>
<item key="69052824-32E6-BF5C-D555-B39F5D7D0D42" value="true"/>
</engineerTo>
<useDomainConstraints>false</useDomainConstraints>
<use>1</use>
<logicalDatatype>LOGDT024</logicalDatatype>
<dataTypeSize>20</dataTypeSize>
<ownDataTypeParameters>20,,</ownDataTypeParameters>
</Attribute>
<Attribute name="apmaterno_cliente" id="E67B4D2A-6979-965F-B01B-DE2FA6DEE227">
<createdBy>ninito</createdBy>
<createdTime>2024-08-14 02:38:59 UTC</createdTime>
<ownerDesignName>MER_Minimarket</ownerDesignName>
<engineerTo>
<item key="69052824-32E6-BF5C-D555-B39F5D7D0D42" value="true"/>
</engineerTo>
<nullsAllowed>true</nullsAllowed>
<useDomainConstraints>false</useDomainConstraints>
<use>1</use>
<logicalDatatype>LOGDT024</logicalDatatype>
<dataTypeSize>20</dataTypeSize>
<ownDataTypeParameters>20,,</ownDataTypeParameters>
</Attribute>
</attributes>
<identifiers itemClass="oracle.dbtools.crest.model.design.logical.CandidateKey">
<identifier id="D9E64CCC-EA76-CE11-3826-6FD8BE7C95FE" name="CLIENTE PK">
<createdBy>ninito</createdBy>
<createdTime>2024-08-14 02:36:56 UTC</createdTime>
<ownerDesignName>MER_Minimarket</ownerDesignName>
<engineerTo>
<item key="69052824-32E6-BF5C-D555-B39F5D7D0D42" value="true"/>
</engineerTo>
<pk>true</pk>
<usedAttributes>
<attributeRef>2E81F5DF-BBB5-90CC-F74E-42479FC0A12A</attributeRef>
</usedAttributes>
</identifier>
</identifiers>
</Entity>