<?xml version = '1.0' encoding = 'UTF-8'?>
<Diagram class="oracle.dbtools.crest.swingui.logical.DPVLogical" name="Logical" id="A4DCB1C0-2EB0-E1EE-794E-0C7B771196F8">
<createdBy>ninito</createdBy>
<modifiedBy>ninito</modifiedBy>
<createdTime>2024-08-14 02:15:25 UTC</createdTime>
<autoRoute>false</autoRoute>
<boxInbox>true</boxInbox>
<showLegend>false</showLegend>
<showLabels>true</showLabels>
<showRelAttributes>false</showRelAttributes>
<gridEnabled>false</gridEnabled>
<showGrid>false</showGrid>
<diagramColor>-1</diagramColor>
<display>false</display>
<notation>2</notation>
<objectViews>
<OView class="oracle.dbtools.crest.swingui.logical.TVEntity" oid="0F6954C1-F4A8-520F-F092-A88725C69327" otype="Entity" vid="B0F3C77D-59B5-983A-E94B-0545EE415F66">
<hideElementsInCurrentOnly>false</hideElementsInCurrentOnly>
<bounds x="382" y="287" width="209" height="110"/>
</OView>
<OView class="oracle.dbtools.crest.swingui.logical.TVEntity" oid="39DE21A0-E3FE-B239-60D6-81901F82255A" otype="Entity" vid="965330A3-5EA8-28B3-A3F5-BAC4F56C8116">
<hideElementsInCurrentOnly>false</hideElementsInCurrentOnly>
<bounds x="350" y="15" width="209" height="84"/>
</OView>
<OView class="oracle.dbtools.crest.swingui.logical.TVEntity" oid="E526545C-35E1-CA8F-A6BB-7716CD9B8439" otype="Entity" vid="B6FFA95A-CCB4-0844-D887-069BC339F279">
<hideElementsInCurrentOnly>false</hideElementsInCurrentOnly>
<bounds x="33" y="285" width="231" height="110"/>
</OView>
</objectViews>
<connectors>
<Connector class="oracle.dbtools.crest.swingui.logical.TVRelation" oid="277EFD5B-C465-9922-76B0-8469C1862ADA" otype="Relation" vid_source="B0F3C77D-59B5-983A-E94B-0545EE415F66" vid_target="965330A3-5EA8-28B3-A3F5-BAC4F56C8116">
<hideElementsInCurrentOnly>false</hideElementsInCurrentOnly>
<backgroundColor>-16777216</backgroundColor>
<lineWidth>1</lineWidth>
<sourceLabel class="oracle.dbtools.crest.model.design.Label">
<site>0</site>
<labelBounds x="470" y="243" width="92" height="30"/>
<noBackgroundColor>true</noBackgroundColor>
<noForegroundColor>true</noForegroundColor>
</sourceLabel>
<targetLabel class="oracle.dbtools.crest.model.design.Label">
<site>2</site>
<labelBounds x="470" y="135" width="71" height="30"/>
<noBackgroundColor>true</noBackgroundColor>
<noForegroundColor>true</noForegroundColor>
</targetLabel>
<points>
<point x="470" y="287"/>
<point x="470" y="99"/>
</points>
</Connector>
<Connector class="oracle.dbtools.crest.swingui.logical.TVRelation" oid="A57D80BD-55BC-A8DA-5D26-859DADB8CCCF" otype="Relation" vid_source="B6FFA95A-CCB4-0844-D887-069BC339F279" vid_target="B0F3C77D-59B5-983A-E94B-0545EE415F66">
<hideElementsInCurrentOnly>false</hideElementsInCurrentOnly>
<backgroundColor>-16777216</backgroundColor>
<lineWidth>1</lineWidth>
<sourceLabel class="oracle.dbtools.crest.model.design.Label">
<site>0</site>
<labelBounds x="274" y="311" width="49" height="30"/>
<noBackgroundColor>true</noBackgroundColor>
<noForegroundColor>true</noForegroundColor>
</sourceLabel>
<targetLabel class="oracle.dbtools.crest.model.design.Label">
<site>2</site>
<labelBounds x="282" y="344" width="94" height="30"/>
<noBackgroundColor>true</noBackgroundColor>
<noForegroundColor>true</noForegroundColor>
</targetLabel>
<points>
<point x="264" y="341"/>
<point x="382" y="341"/>
</points>
</Connector>
</connectors>
</Diagram>