<?xml version = '1.0' encoding = 'UTF-8'?>
<relationalModel class="oracle.dbtools.crest.model.design.relational.RelationalDesign" name="Relational_1" id="69052824-32E6-BF5C-D555-B39F5D7D0D42" mainViewID="6E6EB2FC-3E6F-4D0E-CE6A-7D93C52E6C99">
<createdBy>ninito</createdBy>
<createdTime>2024-08-14 02:14:35 UTC</createdTime>
<ownerDesignName>MER_Minimarket</ownerDesignName>
<shouldBeOpen>false</shouldBeOpen>
<selectedRDBMSSite>32076570-2523-435C-2E92-BF29817DFF70</selectedRDBMSSite>
</relationalModel>