<?xml version = '1.0' encoding = 'UTF-8'?>
<Relation class="oracle.dbtools.crest.model.design.logical.Relation" name="compuesto" directorySegmentName="seg_0" id="277EFD5B-C465-9922-76B0-8469C1862ADA">
<createdBy>ninito</createdBy>
<createdTime>2024-08-14 02:46:24 UTC</createdTime>
<ownerDesignName>MER_Minimarket</ownerDesignName>
<engineerTo>
<item key="69052824-32E6-BF5C-D555-B39F5D7D0D42" value="true"/>
</engineerTo>
<identifying>false</identifying>
<nameOnSource>está compuesto</nameOnSource>
<nameOnTarget>puede ser parte de</nameOnTarget>
<optionalSource>false</optionalSource>
<optionalTarget>true</optionalTarget>
<sourceCardinality>*</sourceCardinality>
<sourceEntity>0F6954C1-F4A8-520F-F092-A88725C69327</sourceEntity>
<targetCardinalityString>*</targetCardinalityString>
<targetEntity>39DE21A0-E3FE-B239-60D6-81901F82255A</targetEntity>
<transferable>true</transferable>
<deleteRule>NO ACTION</deleteRule>
</Relation>