<?xml version = '1.0' encoding = 'UTF-8'?>
<Relation class="oracle.dbtools.crest.model.design.logical.Relation" name="realiza" directorySegmentName="seg_0" id="A57D80BD-55BC-A8DA-5D26-859DADB8CCCF">
<createdBy>ninito</createdBy>
<createdTime>2024-08-14 02:43:37 UTC</createdTime>
<ownerDesignName>MER_Minimarket</ownerDesignName>
<engineerTo>
<item key="69052824-32E6-BF5C-D555-B39F5D7D0D42" value="true"/>
</engineerTo>
<sourcePk>D9E64CCC-EA76-CE11-3826-6FD8BE7C95FE</sourcePk>
<identifying>false</identifying>
<nameOnSource>realiza</nameOnSource>
<nameOnTarget>es realizado por</nameOnTarget>
<optionalSource>false</optionalSource>
<optionalTarget>false</optionalTarget>
<sourceCardinality>1</sourceCardinality>
<sourceEntity>E526545C-35E1-CA8F-A6BB-7716CD9B8439</sourceEntity>
<targetCardinalityString>*</targetCardinalityString>
<targetEntity>0F6954C1-F4A8-520F-F092-A88725C69327</targetEntity>
<transferable>true</transferable>
<deleteRule>NO ACTION</deleteRule>
</Relation>